{"cameraMode":{"drawMode":0,"name":"Shaded","section":"Shading Mode"},"sceneLighting":true,"audioPlay":false,"sceneViewState":{"m_AlwaysRefresh":false,"showFog":true,"showSkybox":true,"showFlares":true,"showImageEffects":true,"showParticleSystems":true,"showVisualEffectGraphs":true,"m_FxEnabled":true},"in2DMode":false,"pivot":{"x":7.9934892654418949,"y":1.6472512483596802,"z":-2.7928996086120607},"rotation":{"x":-0.07443109899759293,"y":-0.0954815223813057,"z":0.007443131413310766,"w":-0.9934311509132385},"size":0.7447969913482666,"orthographic":false}