{"cameraMode":{"drawMode":0,"name":"Shaded","section":"Shading Mode"},"sceneLighting":true,"audioPlay":false,"sceneViewState":{"m_AlwaysRefresh":false,"showFog":true,"showSkybox":true,"showFlares":true,"showImageEffects":true,"showParticleSystems":true,"showVisualEffectGraphs":true,"m_FxEnabled":true},"in2DMode":false,"pivot":{"x":8.612040519714356,"y":1.4926022291183472,"z":-7.0142598152160648},"rotation":{"x":0.01416809018701315,"y":-0.34834396839141848,"z":-0.0055108582600951199,"w":-0.9378723502159119},"size":0.27570176124572756,"orthographic":false}