{"cameraMode":{"drawMode":0,"name":"Shaded","section":"Shading Mode"},"sceneLighting":true,"audioPlay":false,"sceneViewState":{"m_AlwaysRefresh":false,"showFog":true,"showSkybox":true,"showFlares":true,"showImageEffects":true,"showParticleSystems":true,"showVisualEffectGraphs":true,"m_FxEnabled":true},"in2DMode":false,"pivot":{"x":17.00777244567871,"y":2.3752808570861818,"z":4.8641133308410648},"rotation":{"x":0.26048511266708376,"y":0.7248896360397339,"z":-0.35846564173698428,"w":0.5284345149993897},"size":15.85149097442627,"orthographic":false}